dir,type,status,scale,seed,steps,params,val_ch_acc,val_acc_final,T_eval,decay_pct,decay_win_pct,ch_final
run_1000m_seed0_2k,scale,incomplete,1000m,0,?,?,,,,,,
run_100m_seed0,scale,undertrained,100m,0,100,72.32M,0.5743,0.1747,T150,+26.406*,+1.838*,0.5872*
run_100m_seed0_500,scale,converged,100m,0,500,72.32M,0.3969,0.1555,T150,+0.236,-0.788,0.5924
run_100m_seed1,scale,undertrained,100m,1,100,72.32M,0.5544,0.1835,T150,+0.735*,-1.476*,0.5481*
run_100m_seed2,scale,undertrained,100m,2,100,72.32M,0.5371,0.1513,T150,+1.347*,+1.439*,0.5720*
run_100m_seed3_500,scale,converged,100m,3,500,72.32M,0.5423,0.2032,T150,+1.933,+0.671,0.5997
run_100m_seed4_500,scale,converged,100m,4,500,72.32M,0.5771,0.1905,T150,+0.370,-0.151,0.5880
run_300m_seed0,scale,undertrained,300m,0,100,182.95M,0.2624,0.0878,T150,+226.705*,-11.011*,0.1821*
run_300m_seed0_2k,scale,converged,300m,0,2000,182.95M,0.5849,0.1960,T150,-1.686,-0.355,0.5889
run_300m_seed1_2k,scale,converged,300m,1,2000,182.95M,0.5865,0.1940,T150,-1.664,-0.146,0.5856
run_300m_seed2_2k,scale,converged,300m,2,2000,182.95M,0.5851,0.1957,T150,-0.275,-0.157,0.5971
run_30m_seed0_500,scale,converged,30m,0,500,26.59M,0.4727,0.1687,T150,-9.814,-3.374,0.5357
run_30m_seed1,scale,undertrained,30m,1,100,26.59M,0.5647,0.1875,T150,+6.766*,-1.160*,0.5897*
run_30m_seed1_500,scale,converged,30m,1,500,26.59M,0.5649,0.1945,T150,-2.290,+0.126,0.5784
run_30m_seed2,scale,undertrained,30m,2,100,26.59M,0.5803,0.1930,T150,-1.011*,-0.317*,0.5816*
run_30m_seed2_500,scale,converged,30m,2,500,26.59M,0.5741,0.1897,T150,-0.348,-0.222,0.5921
run_30m_seed3,scale,undertrained,30m,3,100,26.59M,0.5800,0.1873,T150,+3.252*,+1.015*,0.5938*
run_30m_seed3_500,scale,converged,30m,3,500,26.59M,0.5594,0.1932,T150,-2.022,-0.982,0.5757
run_30m_seed4,scale,undertrained,30m,4,100,26.59M,0.5664,0.1890,T150,-0.461*,+2.635*,0.5897*
run_30m_seed4_500,scale,converged,30m,4,500,26.59M,0.5807,0.1950,T150,-0.420,-0.142,0.5880
run_700m_seed0_2k,scale,converged,700m,0,2000,724.51M,0.5814,0.1952,T150,+0.192,-0.020,0.5897
run_700m_seed1_2k,scale,converged,700m,1,2000,724.51M,,0.1956,T150,-0.391,-0.599,0.5871
run_three_chain_mamba2_30m_seed0,scale,undertrained,?,0,100,26.59M,0.5775,0.1894,T150,+2.126*,+0.476*,0.5612*
run_100m_hta_seed0,HTA,undertrained,100m,0,100,72.32M,0.5746,0.1758,T150,+26.077*,+2.042*,0.5897*
run_100m_hta_seed0_500,HTA,converged,100m,0,500,72.32M,0.5601,0.1940,T150,-0.421,-0.122,0.5940
run_100m_hta_seed1_500,HTA,converged,100m,1,500,72.32M,0.5281,0.1860,T150,+0.471,+0.244,0.5945
run_100m_hta_seed2_500,HTA,converged,100m,2,500,72.32M,0.5702,0.1871,T150,-0.169,+0.742,0.5963
run_300m_hta_seed0_2k,HTA,converged,300m,0,2000,182.95M,,0.1959,T150,-1.631,-0.890,0.5907
run_30m_hta_seed0_500,HTA,converged,30m,0,500,26.59M,,0.1853,T150,-0.642,+0.401,0.5866
run_700m_hta_seed0_2k,HTA,converged,700m,0,2000,724.51M,,0.1959,T150,+0.116,+0.175,0.5873
run_30m_deep_n8_seed0_1000,deep_n8,converged,30m,0,1000,105.39M,0.5634,0.1864,T150,-0.764,+0.852,0.5897
run_30m_deep_n8_seed0_1000,deep_n8,converged,30m,0,1000,105.39M,0.5634,0.1864,T300,-2.119,-0.806,0.5916
run_30m_deep_n8_seed0_1000,deep_n8,converged,30m,0,1000,105.39M,0.5634,0.1864,T500,+0.358,+1.373,0.5958
run_100m_maxT1024_seed0_500,extrapolation,undertrained,100m,0,500,73.31M,,0.1639,T150,-11.205*,-4.002*,0.5132*
run_100m_maxT1024_seed0_500,extrapolation,undertrained,100m,0,500,73.31M,,0.1639,T200,-9.166*,-2.618*,0.5224*
run_100m_maxT1024_seed0_500,extrapolation,undertrained,100m,0,500,73.31M,,0.1639,T300,-7.235*,-1.027*,0.5382*
run_100m_maxT1024_seed0_500,extrapolation,undertrained,100m,0,500,73.31M,,0.1639,T500,-8.465*,-1.452*,0.5259*
run_100m_maxT1024_v2_seed0_500,extrapolation,incomplete,100m,0,500,73.31M,0.5100,0.1678,,,,
run_1000m_ckpt_long_seed0_2000,gradient_ckpt,converged,1000m,0,2000,1.13B,0.5786,0.1961,T150,+0.278,-0.012,0.6025
run_1000m_ckpt_seed0_100,gradient_ckpt,undertrained,1000m,0,100,1.13B,0.5252,0.1293,T150,+624.551*,+5.821*,0.4972*
run_1000m_ckpt_long_seed1_2000,gradient_ckpt,converged,1000m,1,2000,1.13B,0.5793,0.1956,T150,-0.121,-0.394,0.5879
run_1000m_ckpt_long_seed2_2000,gradient_ckpt,converged,1000m,2,2000,1.13B,0.5829,0.1963,T150,+0.379,-0.304,0.5931
run_900m_ckpt_seed0_100,gradient_ckpt,empty,900m,0,?,?,,,,,,
run_30m_deep_n4_maxT1024_seed0_500,control_B_n4,undertrained,30m,0,500,53.25M,,0.1603,T150,+3.981*,+0.273*,0.5822*
run_30m_deep_n4_maxT1024_seed0_500,control_B_n4,undertrained,30m,0,500,53.25M,,0.1603,T300,+7.623*,+1.542*,0.5965*
run_30m_deep_n4_seed0_1000,control_B_n4,converged,30m,0,1000,52.66M,0.5857,0.1964,T150,-0.069,+0.946,0.5935
run_30m_deep_n4_seed0_1000,control_B_n4,converged,30m,0,1000,52.66M,0.5857,0.1964,T300,-0.262,-0.684,0.5904
run_30m_shufflelabel_seed0_500,control_random_label,converged,30m,0,500,26.59M,0.3344,0.4792,T150,-6.073,-1.965,0.4911
